267,2021-10-15
295,2022-01-18
158,2021-05-07
379,2021-07-16
382,2021-12-07
327,2021-12-06
83,2021-05-23
412,2021-11-17
394,2021-09-15
150,2022-04-17
331,2021-08-01
191,2022-05-02
151,2021-10-26
284,2022-02-20
13,2021-07-12
41,2021-06-04
267,2021-10-15
75,2022-02-27
313,2021-11-23
171,2022-02-04
401,2022-01-09
400,2022-04-09
368,2021-11-29
167,2021-09-26
389,2022-02-13
341,2021-12-09
352,2021-09-26
401,2022-01-09
30,2021-08-12
356,2021-06-07
128,2021-10-02
57,2022-03-25
63,2021-11-05
9,2021-07-02
163,2021-09-26
369,2022-02-12
61,2021-11-25
39,2021-10-05
389,2022-02-13
220,2021-06-03
256,2021-08-23
92,2022-04-17
116,2021-08-10
376,2022-02-21
37,2022-03-12
370,2021-07-24
122,2021-12-27
219,2022-01-15
63,2021-11-05
28,2021-05-11
135,2022-02-27
182,2021-07-27
142,2021-06-08
37,2022-03-12
53,2022-04-08
351,2022-01-08
284,2022-02-20
218,2022-01-16
369,2022-02-12
291,2021-07-06
127,2021-07-25
229,2021-07-12
176,2021-12-09
314,2021-06-19
93,2021-10-23
5,2022-01-03
331,2021-08-01
133,2021-12-18
254,2021-12-29
368,2021-11-29
226,2022-04-17
0,2021-08-28
181,2021-06-26
62,2022-04-02
160,2021-08-08
246,2021-10-27
171,2022-02-04
356,2021-06-07
20,2021-12-08
181,2021-06-26
119,2022-01-30
187,2021-06-16
351,2022-01-08
187,2021-06-16
122,2021-12-27
205,2021-07-19
295,2022-01-18
404,2022-01-03
385,2022-01-06
279,2022-04-18
273,2021-08-15
18,2021-06-12
142,2021-06-08
78,2021-05-17
218,2022-01-16
62,2022-04-02
308,2021-08-20
75,2022-02-27
167,2021-09-26
326,2021-08-16
175,2021-07-02
405,2022-04-06
76,2021-06-19
396,2021-08-24
1,2021-06-07
292,2021-05-20
16,2021-12-10
38,2021-07-11
327,2021-12-06
138,2022-04-27
211,2021-10-10
264,2021-08-21
46,2021-09-14
94,2021-10-09
25,2021-12-21
214,2022-03-24
143,2022-03-08
66,2021-11-12
402,2022-01-08
371,2022-04-05
83,2021-05-23
168,2022-04-17
238,2022-04-11
404,2022-01-03
30,2021-08-12
318,2021-10-10
205,2021-07-19
3,2021-08-09
13,2021-07-12
101,2021-07-18
326,2021-08-16
33,2021-09-14
162,2021-08-28
392,2021-07-28
370,2021-07-24
392,2021-07-28
35,2021-08-07
301,2021-12-30
380,2022-03-15
261,2021-08-17
85,2021-11-09
206,2021-05-19
174,2021-09-10
25,2021-12-21
215,2021-10-16
113,2021-06-12
142,2021-06-08
36,2021-11-06
397,2021-05-27
93,2021-10-23
301,2021-12-30
382,2021-12-07
70,2021-09-03
157,2021-09-28
34,2021-06-30
61,2021-11-25
252,2021-10-01
38,2021-07-11
412,2021-11-17
408,2022-02-11
150,2022-04-17
279,2022-04-18
314,2021-06-19
206,2021-05-19
396,2021-08-24
217,2021-09-16
166,2021-08-12
388,2021-10-11
375,2021-06-29
411,2022-02-17
237,2022-01-17
293,2021-12-03
195,2022-01-15
66,2021-11-12
94,2021-10-09
347,2021-07-17
331,2021-08-01
63,2021-11-05
128,2021-10-02
45,2021-11-09
0,2021-08-28
82,2021-07-18
26,2021-10-02
194,2021-11-03
151,2021-10-26
321,2021-06-24
267,2021-10-15
388,2021-10-11
15,2021-10-13
107,2021-11-30
355,2021-08-27
148,2021-06-22
211,2021-10-10
163,2021-09-26
355,2021-08-27
237,2022-01-17
270,2021-05-18
95,2021-09-09
62,2022-04-02
353,2021-10-21
309,2021-08-06
352,2021-09-26
37,2022-03-12
123,2021-09-01
338,2021-10-26
413,2021-09-15
111,2021-09-04
81,2022-04-16
33,2021-09-14
36,2021-11-06
142,2021-06-08
301,2021-12-30
16,2021-12-10
287,2021-12-29
26,2021-10-02
56,2021-11-07
120,2022-01-19
300,2022-02-18
53,2022-04-08
184,2022-02-25
13,2021-07-12
82,2021-07-18
75,2022-02-27
175,2021-07-02
371,2022-04-05
18,2021-06-12
214,2022-03-24
331,2021-08-01
131,2022-02-07
416,2022-01-18
379,2021-07-16
174,2021-09-10
44,2021-05-20
37,2022-03-12
260,2022-04-19
167,2021-09-26
113,2021-06-12
34,2021-06-30
355,2021-08-27
329,2022-01-24
90,2021-09-29
18,2021-06-12
34,2021-06-30
129,2022-01-30
401,2022-01-09
272,2021-08-13
27,2021-12-25
42,2022-01-09
23,2021-12-04
379,2021-07-16
36,2021-11-06
349,2021-11-27
160,2021-08-08
321,2021-06-24
292,2021-05-20
341,2021-12-09
385,2022-01-06
158,2021-05-07
314,2021-06-19
300,2022-02-18
287,2021-12-29
191,2022-05-02
19,2021-12-12
286,2021-08-17
262,2021-07-30
75,2022-02-27
254,2021-12-29
186,2021-12-03
352,2021-09-26
90,2021-09-29
285,2022-01-21
45,2021-11-09
308,2021-08-20
121,2021-06-18
286,2021-08-17
11,2022-02-04
322,2021-09-18
31,2022-04-20
226,2022-04-17
331,2021-08-01
234,2022-01-06
386,2021-09-14
327,2021-12-06
202,2022-01-29
159,2021-06-11
26,2021-10-02
107,2021-11-30
38,2021-07-11
300,2022-02-18
101,2021-07-18
235,2021-08-29
388,2021-10-11
295,2022-01-18
294,2021-10-13
178,2022-01-02
200,2022-02-03
206,2021-05-19
163,2021-09-26
35,2021-08-07
44,2021-05-20
99,2021-05-29
375,2021-06-29
394,2021-09-15
25,2021-12-21
284,2022-02-20
94,2021-10-09
56,2021-11-07
157,2021-09-28
182,2021-07-27
12,2021-10-07
199,2021-12-23
228,2022-04-12
45,2021-11-09
16,2021-12-10
33,2021-09-14
390,2021-08-22
123,2021-09-01
354,2021-06-17
143,2022-03-08
239,2022-03-10
52,2021-12-12
382,2021-12-07
325,2021-05-16
264,2021-08-21
169,2021-05-17
299,2021-12-24
313,2021-11-23
66,2021-11-12
38,2021-07-11
6,2021-08-21
243,2022-01-23
235,2021-08-29
14,2021-06-08
218,2022-01-16
12,2021-10-07
226,2022-04-17
75,2022-02-27
62,2022-04-02
65,2022-02-08
279,2022-04-18
67,2022-03-25
410,2021-09-02
185,2021-12-20
346,2021-05-29
218,2022-01-16
92,2022-04-17
44,2021-05-20
27,2021-12-25
25,2021-12-21
158,2021-05-07
9,2021-07-02
239,2022-03-10
127,2021-07-25
211,2021-10-10
226,2022-04-17
395,2021-10-05
335,2022-02-12
170,2021-06-20
383,2021-07-14
94,2021-10-09
113,2021-06-12
262,2021-07-30
191,2022-05-02
156,2021-08-15
59,2021-09-10
177,2021-11-07
314,2021-06-19
347,2021-07-17
1,2021-06-07
316,2022-04-03
371,2022-04-05
44,2021-05-20
52,2021-12-12
239,2022-03-10
330,2022-02-28
163,2021-09-26
65,2022-02-08
58,2022-01-06
149,2021-09-30
417,2022-01-06
111,2021-09-04
316,2022-04-03
350,2021-06-05
293,2021-12-03
184,2022-02-25
386,2021-09-14
253,2021-05-29
238,2022-04-11
120,2022-01-19
309,2021-08-06
38,2021-07-11
39,2021-10-05
355,2021-08-27
395,2021-10-05
253,2021-05-29
48,2022-03-18
256,2021-08-23
343,2021-06-09
229,2021-07-12
152,2022-04-27
264,2021-08-21
293,2021-12-03
45,2021-11-09
246,2021-10-27
294,2021-10-13
51,2022-01-14
295,2022-01-18
391,2021-07-19
349,2021-11-27
411,2022-02-17
214,2022-03-24
166,2021-08-12
255,2021-08-19
35,2021-08-07
93,2021-10-23
379,2021-07-16
62,2022-04-02
90,2021-09-29
387,2021-05-13
77,2021-08-24
400,2022-04-09
127,2021-07-25
28,2021-05-11
371,2022-04-05
158,2021-05-07
226,2022-04-17
256,2021-08-23
254,2021-12-29
410,2021-09-02
228,2022-04-12
282,2021-06-10
220,2021-06-03
375,2021-06-29
343,2021-06-09
216,2022-02-24
59,2021-09-10
282,2021-06-10
300,2022-02-18
401,2022-01-09
229,2021-07-12
124,2021-11-05
52,2021-12-12
410,2021-09-02
204,2021-08-15
220,2021-06-03
270,2021-05-18
170,2021-06-20
9,2021-07-02
309,2021-08-06
277,2021-05-15
227,2021-09-04
296,2022-03-04
217,2021-09-16
182,2021-07-27
261,2021-08-17
16,2021-12-10
392,2021-07-28
202,2022-01-29
383,2021-07-14
394,2021-09-15
148,2021-06-22
124,2021-11-05
45,2021-11-09
76,2021-06-19
71,2022-02-28
356,2021-06-07
345,2021-11-22
12,2021-10-07
111,2021-09-04
395,2021-10-05
370,2021-07-24
34,2021-06-30
103,2021-12-25
147,2021-10-15
5,2022-01-03
80,2022-01-09
178,2022-01-02
136,2021-08-28
77,2021-08-24
85,2021-11-09
300,2022-02-18
167,2021-09-26
64,2021-06-30
417,2022-01-06
41,2021-06-04
300,2022-02-18
358,2021-08-30
0,2021-08-28
233,2022-03-03
352,2021-09-26
252,2021-10-01
193,2022-02-04
219,2022-01-15
309,2021-08-06
402,2022-01-08
191,2022-05-02
121,2021-06-18
143,2022-03-08
313,2021-11-23
63,2021-11-05
277,2021-05-15
141,2021-08-26
314,2021-06-19
143,2022-03-08
191,2022-05-02
404,2022-01-03
261,2021-08-17
119,2022-01-30
27,2021-12-25
234,2022-01-06
147,2021-10-15
255,2021-08-19
12,2021-10-07
80,2022-01-09
233,2022-03-03
76,2021-06-19
319,2021-05-21
395,2021-10-05
130,2021-07-28
105,2021-11-11
77,2021-08-24
353,2021-10-21
351,2022-01-08
211,2021-10-10
158,2021-05-07
186,2021-12-03
173,2021-06-29
362,2022-01-03
42,2022-01-09
62,2022-04-02
274,2022-01-28
85,2021-11-09
109,2021-12-21
148,2021-06-22
181,2021-06-26
41,2021-06-04
220,2021-06-03
416,2022-01-18
279,2022-04-18
246,2021-10-27
401,2022-01-09
105,2021-11-11
124,2021-11-05
178,2022-01-02
394,2021-09-15
70,2021-09-03
158,2021-05-07
338,2021-10-26
246,2021-10-27
34,2021-06-30
235,2021-08-29
101,2021-07-18
115,2021-11-02
417,2022-01-06
295,2022-01-18
59,2021-09-10
175,2021-07-02
229,2021-07-12
355,2021-08-27
296,2022-03-04
143,2022-03-08
92,2022-04-17
191,2022-05-02
31,2022-04-20
273,2021-08-15
14,2021-06-08
237,2022-01-17
101,2021-07-18
58,2022-01-06
122,2021-12-27
396,2021-08-24
151,2021-10-26
52,2021-12-12
296,2022-03-04
376,2022-02-21
289,2022-01-12
132,2022-01-16
288,2021-09-27
280,2021-06-28
174,2021-09-10
138,2022-04-27
417,2022-01-06
129,2022-01-30
221,2022-03-26
130,2021-07-28
351,2022-01-08
261,2021-08-17
39,2021-10-05
362,2022-01-03
135,2022-02-27
115,2021-11-02
388,2021-10-11
148,2021-06-22
59,2021-09-10
65,2022-02-08
170,2021-06-20
149,2021-09-30
370,2021-07-24
115,2021-11-02
358,2021-08-30
380,2022-03-15
321,2021-06-24
342,2022-01-31
158,2021-05-07
387,2021-05-13
250,2021-10-27
152,2022-04-27
162,2021-08-28
103,2021-12-25
5,2022-01-03
308,2021-08-20
25,2021-12-21
228,2022-04-12
168,2022-04-17
129,2022-01-30
358,2021-08-30
144,2021-11-22
310,2022-04-25
50,2021-07-07
75,2022-02-27
99,2021-05-29
249,2021-08-14
227,2021-09-04
10,2022-02-22
103,2021-12-25
417,2022-01-06
115,2021-11-02
411,2022-02-17
139,2021-09-27
131,2022-02-07
150,2022-04-17
150,2022-04-17
148,2021-06-22
205,2021-07-19
26,2021-10-02
194,2021-11-03
229,2021-07-12
402,2022-01-08
290,2021-05-20
65,2022-02-08
77,2021-08-24
52,2021-12-12
282,2021-06-10
129,2022-01-30
207,2021-05-11
57,2022-03-25
85,2021-11-09
212,2021-11-11
109,2021-12-21
35,2021-08-07
300,2022-02-18
253,2021-05-29
119,2022-01-30
371,2022-04-05
194,2021-11-03
358,2021-08-30
227,2021-09-04
383,2021-07-14
122,2021-12-27
13,2021-07-12
167,2021-09-26
81,2022-04-16
109,2021-12-21
175,2021-07-02
240,2021-05-31
291,2021-07-06
262,2021-07-30
235,2021-08-29
385,2022-01-06
175,2021-07-02
63,2021-11-05
162,2021-08-28
44,2021-05-20
113,2021-06-12
370,2021-07-24
75,2022-02-27
122,2021-12-27
356,2021-06-07
20,2021-12-08
358,2021-08-30
383,2021-07-14
76,2021-06-19
53,2022-04-08
295,2022-01-18
349,2021-11-27
51,2022-01-14
90,2021-09-29
375,2021-06-29
326,2021-08-16
368,2021-11-29
336,2022-05-04
239,2022-03-10
128,2021-10-02
56,2021-11-07
51,2022-01-14
131,2022-02-07
77,2021-08-24
327,2021-12-06
41,2021-06-04
133,2021-12-18
254,2021-12-29
121,2021-06-18
353,2021-10-21
178,2022-01-02
273,2021-08-15
149,2021-09-30
214,2022-03-24
115,2021-11-02
397,2021-05-27
95,2021-09-09
166,2021-08-12
246,2021-10-27
13,2021-07-12
345,2021-11-22
3,2021-08-09
200,2022-02-03
3,2021-08-09
329,2022-01-24
391,2021-07-19
242,2022-02-10
284,2022-02-20
226,2022-04-17
67,2022-03-25
392,2021-07-28
285,2022-01-21
204,2021-08-15
170,2021-06-20
103,2021-12-25
318,2021-10-10
5,2022-01-03
28,2021-05-11
151,2021-10-26
160,2021-08-08
241,2022-03-11
243,2022-01-23
123,2021-09-01
115,2021-11-02
35,2021-08-07
397,2021-05-27
218,2022-01-16
183,2021-05-24
316,2022-04-03
19,2021-12-12
294,2021-10-13
336,2022-05-04
15,2021-10-13
133,2021-12-18
18,2021-06-12
246,2021-10-27
11,2022-02-04
71,2022-02-28
383,2021-07-14
20,2021-12-08
182,2021-07-27
96,2021-11-22
57,2022-03-25
42,2022-01-09
94,2021-10-09
51,2022-01-14
111,2021-09-04
136,2021-08-28
338,2021-10-26
27,2021-12-25
217,2021-09-16
61,2021-11-25
274,2022-01-28
45,2021-11-09
132,2022-01-16
253,2021-05-29
16,2021-12-10
211,2021-10-10
56,2021-11-07
215,2021-10-16
112,2021-05-16
160,2021-08-08
150,2022-04-17
131,2022-02-07
6,2021-08-21
157,2021-09-28
318,2021-10-10
341,2021-12-09
400,2022-04-09
385,2022-01-06
296,2022-03-04
35,2021-08-07
347,2021-07-17
290,2021-05-20
252,2021-10-01
177,2021-11-07
111,2021-09-04
354,2021-06-17
369,2022-02-12
397,2021-05-27
389,2022-02-13
416,2022-01-18
411,2022-02-17
71,2022-02-28
316,2022-04-03
41,2021-06-04
15,2021-10-13
223,2021-08-14
220,2021-06-03
220,2021-06-03
37,2022-03-12
211,2021-10-10
272,2021-08-13
63,2021-11-05
412,2021-11-17
345,2021-11-22
243,2022-01-23
90,2021-09-29
368,2021-11-29
95,2021-09-09
75,2022-02-27
323,2021-06-07
142,2021-06-08
115,2021-11-02
164,2021-11-02
5,2022-01-03
29,2021-08-02
186,2021-12-03
277,2021-05-15
215,2021-10-16
327,2021-12-06
152,2022-04-27
294,2021-10-13
410,2021-09-02
241,2022-03-11
19,2021-12-12
162,2021-08-28
148,2021-06-22
342,2022-01-31
130,2021-07-28
316,2022-04-03
306,2022-01-29
416,2022-01-18
313,2021-11-23
54,2022-04-01
369,2022-02-12
238,2022-04-11
246,2021-10-27
204,2021-08-15
286,2021-08-17
95,2021-09-09
151,2021-10-26
290,2021-05-20
322,2021-09-18
78,2021-05-17
394,2021-09-15
229,2021-07-12
80,2022-01-09
233,2022-03-03
99,2021-05-29
235,2021-08-29
94,2021-10-09
352,2021-09-26
28,2021-05-11
336,2022-05-04
95,2021-09-09
254,2021-12-29
386,2021-09-14
405,2022-04-06
239,2022-03-10
196,2022-04-04
26,2021-10-02
27,2021-12-25
63,2021-11-05
129,2022-01-30
15,2021-10-13
156,2021-08-15
383,2021-07-14
359,2021-10-09
206,2021-05-19
92,2022-04-17
141,2021-08-26
58,2022-01-06
290,2021-05-20
326,2021-08-16
67,2022-03-25
352,2021-09-26
273,2021-08-15
307,2022-01-11
196,2022-04-04
306,2022-01-29
85,2021-11-09
282,2021-06-10
343,2021-06-09
325,2021-05-16
253,2021-05-29
358,2021-08-30
130,2021-07-28
39,2021-10-05
169,2021-05-17
173,2021-06-29
4,2021-12-01
76,2021-06-19
251,2021-12-21
4,2021-12-01
329,2022-01-24
44,2021-05-20
318,2021-10-10
95,2021-09-09
201,2021-06-28
343,2021-06-09
286,2021-08-17
313,2021-11-23
123,2021-09-01
270,2021-05-18
371,2022-04-05
214,2022-03-24
417,2022-01-06
148,2021-06-22
336,2022-05-04
412,2021-11-17
261,2021-08-17
369,2022-02-12
147,2021-10-15
331,2021-08-01
290,2021-05-20
204,2021-08-15
345,2021-11-22
160,2021-08-08
262,2021-07-30
223,2021-08-14
349,2021-11-27
99,2021-05-29
109,2021-12-21
181,2021-06-26
389,2022-02-13
371,2022-04-05
413,2021-09-15
76,2021-06-19
290,2021-05-20
6,2021-08-21
386,2021-09-14
6,2021-08-21
180,2021-09-20
12,2021-10-07
277,2021-05-15
13,2021-07-12
161,2021-07-27
175,2021-07-02
272,2021-08-13
170,2021-06-20
217,2021-09-16
123,2021-09-01
345,2021-11-22
111,2021-09-04
405,2022-04-06
181,2021-06-26
4,2021-12-01
368,2021-11-29
159,2021-06-11
76,2021-06-19
217,2021-09-16
23,2021-12-04
131,2022-02-07
388,2021-10-11
147,2021-10-15
401,2022-01-09
254,2021-12-29
273,2021-08-15
167,2021-09-26
214,2022-03-24
217,2021-09-16
383,2021-07-14
50,2021-07-07
310,2022-04-25
216,2022-02-24
92,2022-04-17
394,2021-09-15
176,2021-12-09
149,2021-09-30
260,2022-04-19
195,2022-01-15
228,2022-04-12
351,2022-01-08
187,2021-06-16
362,2022-01-03
205,2021-07-19
29,2021-08-02
145,2022-02-04
42,2022-01-09
286,2021-08-17
359,2021-10-09
325,2021-05-16
143,2022-03-08
331,2021-08-01
78,2021-05-17
322,2021-09-18
23,2021-12-04
256,2021-08-23
221,2022-03-26
212,2021-11-11
370,2021-07-24
325,2021-05-16
391,2021-07-19
238,2022-04-11
203,2022-04-09
246,2021-10-27
54,2022-04-01
325,2021-05-16
288,2021-09-27
413,2021-09-15
191,2022-05-02
34,2021-06-30
48,2022-03-18
161,2021-07-27
163,2021-09-26
188,2021-05-09
112,2021-05-16
131,2022-02-07
254,2021-12-29
227,2021-09-04
151,2021-10-26
77,2021-08-24
346,2021-05-29
52,2021-12-12
319,2021-05-21
147,2021-10-15
37,2022-03-12
405,2022-04-06
335,2022-02-12
158,2021-05-07
205,2021-07-19
20,2021-12-08
371,2022-04-05
121,2021-06-18
262,2021-07-30
46,2021-09-14
410,2021-09-02
386,2021-09-14
159,2021-06-11
124,2021-11-05
1,2021-06-07
282,2021-06-10
135,2022-02-27
196,2022-04-04
51,2022-01-14
391,2021-07-19
410,2021-09-02
273,2021-08-15
353,2021-10-21
405,2022-04-06
38,2021-07-11
313,2021-11-23
370,2021-07-24
27,2021-12-25
101,2021-07-18
113,2021-06-12
356,2021-06-07
81,2022-04-16
15,2021-10-13
238,2022-04-11
396,2021-08-24
299,2021-12-24
330,2022-02-28
159,2021-06-11
170,2021-06-20
402,2022-01-08
169,2021-05-17
395,2021-10-05
62,2022-04-02
95,2021-09-09
383,2021-07-14
178,2022-01-02
405,2022-04-06
404,2022-01-03
301,2021-12-30
181,2021-06-26
402,2022-01-08
368,2021-11-29
395,2021-10-05
412,2021-11-17
410,2021-09-02
147,2021-10-15
408,2022-02-11
239,2022-03-10
157,2021-09-28
66,2021-11-12
321,2021-06-24
1,2021-06-07
114,2021-12-14
240,2021-05-31
228,2022-04-12
0,2021-08-28
178,2022-01-02
58,2022-01-06
171,2022-02-04
171,2022-02-04
139,2021-09-27
150,2022-04-17
223,2021-08-14
39,2021-10-05
229,2021-07-12
113,2021-06-12
260,2022-04-19
293,2021-12-03
29,2021-08-02
307,2022-01-11
28,2021-05-11
114,2021-12-14
296,2022-03-04
58,2022-01-06
338,2021-10-26
36,2021-11-06
260,2022-04-19
83,2021-05-23
330,2022-02-28
33,2021-09-14
242,2022-02-10
159,2021-06-11
148,2021-06-22
354,2021-06-17
33,2021-09-14
325,2021-05-16
326,2021-08-16
261,2021-08-17
16,2021-12-10
200,2022-02-03
207,2021-05-11
388,2021-10-11
234,2022-01-06
330,2022-02-28
139,2021-09-27
10,2022-02-22
316,2022-04-03
292,2021-05-20
62,2022-04-02
28,2021-05-11
300,2022-02-18
99,2021-05-29
156,2021-08-15
289,2022-01-12
26,2021-10-02
52,2021-12-12
277,2021-05-15
152,2022-04-27
214,2022-03-24
242,2022-02-10
319,2021-05-21
253,2021-05-29
109,2021-12-21
362,2022-01-03
396,2021-08-24
6,2021-08-21
11,2022-02-04
85,2021-11-09
325,2021-05-16
391,2021-07-19
109,2021-12-21
194,2021-11-03
164,2021-11-02
356,2021-06-07
362,2022-01-03
156,2021-08-15
262,2021-07-30
9,2021-07-02
345,2021-11-22
163,2021-09-26
23,2021-12-04
115,2021-11-02
144,2021-11-22
238,2022-04-11
96,2021-11-22
128,2021-10-02
195,2022-01-15
19,2021-12-12
133,2021-12-18
37,2022-03-12
71,2022-02-28
61,2021-11-25
368,2021-11-29
251,2021-12-21
92,2022-04-17
3,2021-08-09
175,2021-07-02
26,2021-10-02
214,2022-03-24
388,2021-10-11
385,2022-01-06
261,2021-08-17
3,2021-08-09
336,2022-05-04
109,2021-12-21
169,2021-05-17
252,2021-10-01
359,2021-10-09
369,2022-02-12
252,2021-10-01
167,2021-09-26
343,2021-06-09
264,2021-08-21
355,2021-08-27
313,2021-11-23
243,2022-01-23
412,2021-11-17
386,2021-09-14
18,2021-06-12
166,2021-08-12
77,2021-08-24
308,2021-08-20
124,2021-11-05
243,2022-01-23
287,2021-12-29
356,2021-06-07
184,2022-02-25
250,2021-10-27
279,2022-04-18
162,2021-08-28
162,2021-08-28
412,2021-11-17
221,2022-03-26
417,2022-01-06
326,2021-08-16
287,2021-12-29
217,2021-09-16
122,2021-12-27
290,2021-05-20
338,2021-10-26
252,2021-10-01
20,2021-12-08
307,2022-01-11
226,2022-04-17
205,2021-07-19
83,2021-05-23
411,2022-02-17
152,2022-04-27
395,2021-10-05
235,2021-08-29
240,2021-05-31
156,2021-08-15
118,2021-06-28
351,2022-01-08
185,2021-12-20
59,2021-09-10
170,2021-06-20
160,2021-08-08
282,2021-06-10
181,2021-06-26
411,2022-02-17
65,2022-02-08
18,2021-06-12
369,2022-02-12
175,2021-07-02
152,2022-04-27
77,2021-08-24
194,2021-11-03
345,2021-11-22
39,2021-10-05
392,2021-07-28
33,2021-09-14
18,2021-06-12
356,2021-06-07
33,2021-09-14
301,2021-12-30
130,2021-07-28
1,2021-06-07
85,2021-11-09
20,2021-12-08
174,2021-09-10
34,2021-06-30
295,2022-01-18
122,2021-12-27
116,2021-08-10
296,2022-03-04
220,2021-06-03
391,2021-07-19
328,2021-07-26
220,2021-06-03
326,2021-08-16
350,2021-06-05
301,2021-12-30
402,2022-01-08
46,2021-09-14
223,2021-08-14
318,2021-10-10
355,2021-08-27
262,2021-07-30
159,2021-06-11
204,2021-08-15
81,2022-04-16
23,2021-12-04
234,2022-01-06
252,2021-10-01
233,2022-03-03
353,2021-10-21
18,2021-06-12
239,2022-03-10
205,2021-07-19
411,2022-02-17
131,2022-02-07
16,2021-12-10
159,2021-06-11
199,2021-12-23
221,2022-03-26
241,2022-03-11
156,2021-08-15
338,2021-10-26
396,2021-08-24
226,2022-04-17
121,2021-06-18
44,2021-05-20
188,2021-05-09
122,2021-12-27
318,2021-10-10
145,2022-02-04
194,2021-11-03
166,2021-08-12
412,2021-11-17
327,2021-12-06
280,2021-06-28
10,2022-02-22
157,2021-09-28
149,2021-09-30
37,2022-03-12
147,2021-10-15
319,2021-05-21
400,2022-04-09
91,2022-02-23
279,2022-04-18
71,2022-02-28
20,2021-12-08
71,2022-02-28
15,2021-10-13
164,2021-11-02
277,2021-05-15
326,2021-08-16
19,2021-12-12
10,2022-02-22
159,2021-06-11
111,2021-09-04
76,2021-06-19
290,2021-05-20
294,2021-10-13
411,2022-02-17
80,2022-01-09
149,2021-09-30
296,2022-03-04
0,2021-08-28
354,2021-06-17
178,2022-01-02
118,2021-06-28
193,2022-02-04
328,2021-07-26
205,2021-07-19
352,2021-09-26
249,2021-08-14
6,2021-08-21
167,2021-09-26
386,2021-09-14
410,2021-09-02
203,2022-04-09
97,2022-03-08
228,2022-04-12
229,2021-07-12
307,2022-01-11
396,2021-08-24
407,2021-07-08
322,2021-09-18
160,2021-08-08
103,2021-12-25
375,2021-06-29
142,2021-06-08
181,2021-06-26
107,2021-11-30
120,2022-01-19
180,2021-09-20
390,2021-08-22
261,2021-08-17
0,2021-08-28
343,2021-06-09
91,2022-02-23
107,2021-11-30
92,2022-04-17
288,2021-09-27
67,2022-03-25
270,2021-05-18
223,2021-08-14
329,2022-01-24
6,2021-08-21
328,2021-07-26
184,2022-02-25
85,2021-11-09
64,2021-06-30
59,2021-09-10
132,2022-01-16
310,2022-04-25
166,2021-08-12
296,2022-03-04
57,2022-03-25
294,2021-10-13
240,2021-05-31
287,2021-12-29
196,2022-04-04
51,2022-01-14
201,2021-06-28
235,2021-08-29
387,2021-05-13
301,2021-12-30
314,2021-06-19
193,2022-02-04
343,2021-06-09
301,2021-12-30
223,2021-08-14
39,2021-10-05
94,2021-10-09
147,2021-10-15
114,2021-12-14
109,2021-12-21
94,2021-10-09
396,2021-08-24
316,2022-04-03
26,2021-10-02
295,2022-01-18
45,2021-11-09
407,2021-07-08
141,2021-08-26
323,2021-06-07
215,2021-10-16
48,2022-03-18
362,2022-01-03
260,2022-04-19
386,2021-09-14
239,2022-03-10
343,2021-06-09
103,2021-12-25
58,2022-01-06
90,2021-09-29
193,2022-02-04
251,2021-12-21
191,2022-05-02
331,2021-08-01
234,2022-01-06
3,2021-08-09
116,2021-08-10
314,2021-06-19
20,2021-12-08
3,2021-08-09
234,2022-01-06
19,2021-12-12
19,2021-12-12
291,2021-07-06
168,2022-04-17
223,2021-08-14
202,2022-01-29
178,2022-01-02
152,2022-04-27
97,2022-03-08
359,2021-10-09
354,2021-06-17
31,2022-04-20
118,2021-06-28
171,2022-02-04
185,2021-12-20
183,2021-05-24
5,2022-01-03
145,2022-02-04
254,2021-12-29
273,2021-08-15
29,2021-08-02
394,2021-09-15
400,2022-04-09
321,2021-06-24
417,2022-01-06
251,2021-12-21
107,2021-11-30
353,2021-10-21
46,2021-09-14
169,2021-05-17
319,2021-05-21
42,2022-01-09
376,2022-02-21
217,2021-09-16
307,2022-01-11
61,2021-11-25
38,2021-07-11
118,2021-06-28
