id,comprador,direccion,producto,cantidad,tienda
36,93,588,367,2,16
70,250,68,139,2,96
104,174,224,214,4,61
177,33,123,372,4,46
216,296,43,402,5,38
127,279,76,38,4,69
304,10,36,370,2,96
55,135,964,208,5,14
186,38,201,182,1,91
104,174,224,52,5,61
302,20,240,109,2,32
178,294,1022,133,5,0
113,338,139,141,5,19
4,364,592,327,1,70
159,105,143,416,3,68
212,11,546,101,5,4
35,187,435,238,2,61
5,144,1087,390,4,10
145,189,910,313,4,57
258,251,635,343,2,42
93,227,507,111,3,94
82,86,42,204,3,32
295,328,246,183,3,28
260,205,877,316,3,77
293,68,676,362,2,17
209,270,447,284,1,19
112,91,886,6,5,58
31,303,405,320,5,78
261,319,656,412,4,7
228,217,568,236,1,9
149,225,375,26,3,88
107,169,609,332,1,4
281,356,185,402,2,34
69,232,101,132,2,24
48,77,611,96,4,37
257,270,282,363,1,96
74,61,961,417,4,0
185,176,321,360,4,23
192,40,750,347,3,21
193,211,971,196,2,23
54,152,218,245,2,13
302,20,240,251,5,32
153,303,405,319,5,49
222,232,101,337,1,55
134,228,306,195,4,100
99,49,612,109,1,53
175,304,929,296,3,55
107,169,609,403,4,4
272,104,921,332,4,46
165,276,250,147,3,53
69,232,101,84,1,24
91,230,219,357,3,5
274,66,277,12,4,19
139,89,766,95,5,58
222,232,101,101,3,55
113,338,139,363,5,19
202,131,788,304,1,85
87,150,470,120,4,68
103,351,963,165,3,50
169,217,568,377,1,1
124,260,918,193,4,2
25,238,1012,356,4,72
317,313,84,331,2,67
194,54,970,95,4,58
28,144,1087,111,2,11
232,8,1067,254,1,25
314,211,971,185,2,85
245,75,884,405,4,45
235,147,86,338,1,49
270,169,1008,202,1,23
324,245,466,353,4,90
222,232,101,145,3,55
214,334,735,277,4,62
58,300,997,279,2,22
224,188,0,37,4,51
70,250,68,354,5,96
46,18,197,209,4,66
62,138,474,380,5,15
266,166,745,243,1,42
198,63,397,37,5,5
245,75,884,330,4,45
260,205,877,155,5,77
211,351,762,16,4,64
25,238,1012,289,2,72
144,183,264,343,1,36
63,156,878,181,3,74
213,135,757,284,2,35
124,260,918,324,5,2
164,9,979,94,2,70
7,250,434,290,3,45
273,225,375,333,2,35
213,135,757,110,4,35
76,294,1022,417,4,0
292,71,601,376,2,2
22,164,814,183,1,28
121,357,499,90,3,13
30,286,300,118,4,34
309,89,769,214,1,9
285,143,399,234,1,35
122,204,590,405,1,45
169,217,568,243,1,1
128,291,298,158,3,53
293,68,676,68,1,17
19,278,464,129,1,76
306,337,118,82,3,97
78,51,254,241,5,30
312,323,328,314,1,71
300,163,166,89,3,10
35,187,435,357,4,61
96,154,875,401,1,46
161,286,300,411,5,84
176,204,564,81,5,98
270,169,1008,331,1,23
266,166,745,1,1,42
161,286,300,369,2,84
44,305,1091,412,1,33
233,173,13,0,5,33
143,61,1085,290,1,45
236,90,368,187,5,77
24,216,209,278,4,88
259,154,433,241,5,45
222,232,101,158,1,55
190,265,137,345,4,70
8,236,413,343,2,101
47,163,575,56,3,1
13,115,713,352,2,19
4,364,592,66,4,70
11,230,820,192,2,26
169,217,568,278,3,1
235,147,86,52,3,49
175,304,929,170,2,55
31,303,405,230,5,78
321,22,570,349,1,47
225,63,397,363,5,19
99,49,612,151,2,53
91,230,219,175,5,5
322,64,646,65,4,33
49,226,851,305,2,33
306,337,118,192,2,97
185,176,321,24,2,23
321,22,570,214,5,47
198,63,397,62,5,5
234,9,179,169,4,76
102,260,353,91,3,32
131,358,113,52,5,34
20,94,849,379,1,84
171,96,874,394,1,89
144,183,264,208,1,36
3,38,201,208,4,14
143,61,1085,241,1,45
60,221,48,164,3,17
308,354,1089,75,3,85
310,330,173,105,2,30
270,169,1008,204,4,23
159,105,143,120,2,68
184,66,649,185,4,93
189,184,847,306,3,23
227,68,563,326,4,17
291,207,355,153,3,36
203,220,245,136,1,2
81,33,338,101,2,11
27,330,173,340,4,71
127,279,76,169,1,69
296,345,267,367,3,16
71,163,575,239,4,13
113,338,139,375,2,19
295,328,246,205,4,28
138,39,600,36,3,77
155,326,454,232,5,84
9,107,453,0,2,24
18,198,274,338,4,31
203,220,245,89,2,2
178,294,1022,236,3,0
94,283,543,207,5,10
112,91,886,156,2,58
38,232,51,327,4,70
47,163,575,95,5,1
35,187,435,140,1,61
296,345,267,110,5,16
92,77,611,293,5,10
95,65,403,163,1,101
319,319,656,379,4,84
287,284,4,310,1,12
148,221,48,6,2,11
3,38,201,45,3,14
163,26,607,49,5,13
144,183,264,329,4,36
25,238,1012,22,5,72
279,227,507,217,3,58
195,110,1065,102,1,92
12,287,1040,239,2,72
209,270,447,126,2,19
281,356,185,415,4,34
128,291,298,350,2,53
98,208,409,372,4,96
62,138,474,15,3,15
48,77,611,102,4,37
291,207,355,41,5,36
213,135,757,262,5,35
297,75,149,157,5,77
193,211,971,242,5,23
87,150,470,395,3,68
157,330,1062,211,1,100
20,94,849,21,1,84
274,66,277,172,5,19
234,9,179,274,2,76
144,183,264,410,4,36
178,294,1022,233,5,0
207,332,916,94,1,101
93,227,507,21,4,94
99,49,612,264,1,53
302,20,240,119,4,32
171,96,874,414,5,89
320,279,815,31,5,49
61,287,374,363,4,79
277,102,688,76,2,72
53,245,287,287,3,85
69,232,101,309,3,24
110,121,427,326,2,101
102,260,353,253,1,32
174,7,885,163,5,90
85,319,562,398,3,63
221,131,795,122,3,92
1,113,362,190,3,69
315,84,804,364,5,49
306,337,118,275,4,97
284,138,922,3,1,38
273,225,375,234,4,35
118,321,378,158,2,72
151,311,812,269,2,63
285,143,399,373,2,35
264,28,809,305,1,77
18,198,274,159,4,31
95,65,403,116,4,101
15,348,869,103,4,70
222,232,101,295,1,55
190,265,137,66,3,70
179,227,507,202,4,23
259,154,433,353,3,45
59,246,573,318,5,10
196,80,347,20,2,80
8,236,413,94,4,101
223,26,607,393,3,8
26,287,67,120,1,72
185,176,321,196,1,23
3,38,201,236,3,14
25,238,1012,188,2,72
178,294,1022,417,1,0
243,207,355,41,1,36
13,115,713,126,5,19
29,0,940,371,2,5
294,248,515,52,4,90
68,16,253,286,1,5
135,362,461,355,2,18
156,316,214,36,1,76
292,71,601,42,3,2
309,89,769,18,4,9
57,179,581,345,3,15
1,113,362,38,4,69
22,164,814,277,4,28
75,293,449,221,2,16
283,181,138,232,3,84
6,217,678,209,5,85
202,131,788,162,3,85
283,181,138,76,1,84
292,71,601,141,5,2
267,311,812,95,4,21
188,313,84,56,4,1
17,234,763,53,4,32
224,188,0,143,4,51
293,68,676,36,4,17
278,174,707,154,5,10
313,17,728,194,3,72
125,164,223,84,4,59
149,225,375,9,1,88
150,172,791,10,3,84
31,303,405,125,4,78
205,128,806,115,4,72
209,270,447,12,4,19
243,207,355,410,5,36
23,323,328,317,4,34
307,56,637,345,5,29
114,346,677,143,5,51
207,332,916,229,1,101
48,77,611,262,4,37
271,61,142,58,3,60
77,257,446,251,1,32
186,38,201,10,4,91
215,215,479,333,2,24
133,190,572,191,5,58
60,221,48,407,2,17
160,100,5,233,3,0
20,94,849,262,5,84
278,174,707,89,1,10
127,279,76,81,5,69
23,323,328,415,2,34
250,154,596,124,5,61
312,323,328,298,3,71
129,63,351,339,4,5
74,61,961,233,3,0
237,355,927,174,2,38
15,348,869,345,3,70
35,187,435,62,2,61
288,322,864,263,4,48
93,227,507,179,5,94
40,35,279,301,3,74
228,217,568,368,5,9
52,281,202,13,4,47
63,156,878,143,1,74
73,153,391,77,1,5
12,287,1040,57,1,72
314,211,971,75,1,85
32,259,1045,191,3,58
155,326,454,73,3,84
125,164,223,192,3,59
75,293,449,76,2,16
131,358,113,14,3,34
234,9,179,312,1,76
284,138,922,89,3,38
12,287,1040,120,2,72
320,279,815,190,5,49
232,8,1067,6,4,25
153,303,405,374,3,49
206,302,683,220,1,29
320,279,815,319,1,49
94,283,543,38,4,10
278,174,707,236,4,10
309,89,769,345,2,9
100,278,464,190,3,70
107,169,609,135,3,4
46,18,197,23,5,66
279,227,507,90,2,58
224,188,0,271,5,51
267,311,812,44,5,21
316,24,556,378,1,93
17,234,763,253,1,32
113,338,139,133,5,19
147,175,1017,61,3,86
62,138,474,137,5,15
142,287,1040,115,1,72
221,131,795,244,1,92
23,323,328,386,3,34
228,217,568,149,1,9
151,311,812,168,1,63
102,260,353,53,1,32
133,190,572,95,3,58
302,20,240,317,4,32
243,207,355,153,1,36
196,80,347,371,5,80
266,166,745,249,2,42
306,337,118,336,4,97
309,89,769,303,3,9
292,71,601,292,5,2
46,18,197,252,5,66
76,294,1022,205,4,0
249,88,480,296,2,54
276,35,279,303,4,9
258,251,635,294,3,42
236,90,368,267,5,77
62,138,474,300,3,15
87,150,470,332,3,68
237,355,927,331,3,38
23,323,328,83,3,34
22,164,814,356,4,28
14,246,573,39,2,22
113,338,139,12,1,19
316,24,556,339,3,93
253,300,718,92,2,15
131,358,113,126,3,34
179,227,507,204,5,23
170,42,667,317,3,89
17,234,763,246,5,32
112,91,886,95,2,58
92,77,611,265,2,10
298,357,1023,232,4,35
103,351,963,122,3,50
254,157,1077,339,1,4
158,347,619,205,3,0
162,265,551,410,5,36
75,293,449,143,5,16
226,19,897,396,5,43
40,35,279,216,5,74
30,286,300,348,3,34
28,144,1087,46,5,11
270,169,1008,306,4,23
274,66,277,133,5,19
295,328,246,254,3,28
3,38,201,75,4,14
164,9,979,13,5,70
58,300,997,18,5,22
109,304,764,35,4,76
153,303,405,52,1,49
95,65,403,238,5,101
246,258,901,353,4,45
265,124,6,181,4,73
154,22,1001,358,3,83
82,86,42,110,1,32
132,53,998,194,3,82
170,42,667,213,1,89
38,232,51,13,3,70
73,153,391,286,5,5
120,231,1086,36,5,77
160,100,5,130,2,0
222,232,101,192,5,55
17,234,763,91,1,32
95,65,403,279,5,101
320,279,815,123,3,49
87,150,470,162,2,68
53,245,287,2,4,85
80,91,396,2,5,60
166,358,1070,143,4,16
178,294,1022,54,1,0
39,232,51,25,5,70
43,61,961,292,3,52
250,154,596,272,4,61
232,8,1067,295,4,25
272,104,921,397,2,46
78,51,254,400,3,30
281,356,185,88,3,34
237,355,927,111,2,38
174,7,885,112,1,90
221,131,795,417,5,92
226,19,897,184,4,43
31,303,405,37,3,78
314,211,971,295,3,85
308,354,1089,2,4,85
113,338,139,80,4,19
89,117,216,27,3,69
93,227,507,296,5,94
238,176,321,202,4,67
17,234,763,204,4,32
66,2,451,196,4,60
71,163,575,164,1,13
185,176,321,355,1,23
159,105,143,167,2,68
58,300,997,363,2,22
189,184,847,24,4,23
98,208,409,73,3,96
69,232,101,45,5,24
186,38,201,263,5,91
262,102,230,91,3,32
58,300,997,33,5,22
59,246,573,127,5,10
3,38,201,26,5,14
52,281,202,190,5,47
149,225,375,129,3,88
44,305,1091,44,1,33
99,49,612,154,2,53
183,66,649,175,1,5
9,107,453,229,3,24
306,337,118,52,2,97
60,221,48,362,1,17
102,260,353,246,5,32
233,173,13,370,3,33
3,38,201,2,4,14
125,164,223,400,3,59
186,38,201,2,1,91
46,18,197,189,5,66
21,84,860,239,5,38
251,342,136,371,3,64
210,90,768,262,1,84
84,14,926,277,5,64
276,35,279,214,5,9
111,355,152,262,1,35
27,330,173,54,4,71
231,89,769,401,1,90
133,190,572,159,4,58
95,65,403,254,5,101
33,112,557,367,1,3
43,61,961,220,3,52
155,326,454,206,5,84
214,334,735,35,5,62
152,129,873,226,4,74
143,61,1085,160,4,45
315,84,804,52,1,49
109,304,764,84,3,76
88,87,603,395,4,6
107,169,609,79,2,4
69,232,101,229,4,24
158,347,619,250,5,0
164,9,979,234,3,70
97,265,137,161,4,76
135,362,461,231,3,18
283,181,138,21,1,84
27,330,173,184,2,71
103,351,963,417,1,50
25,238,1012,115,4,72
160,100,5,104,3,0
235,147,86,255,4,49
179,227,507,152,2,23
169,217,568,258,5,1
81,33,338,320,3,11
135,362,461,223,4,18
227,68,563,357,4,17
200,43,930,93,5,86
104,174,224,272,2,61
222,232,101,23,3,55
102,260,353,110,1,32
75,293,449,117,2,16
199,144,465,77,2,30
48,77,611,32,2,37
202,131,788,185,4,85
205,128,806,417,5,72
74,61,961,416,5,0
142,287,1040,7,2,72
188,313,84,377,3,1
17,234,763,25,2,32
84,14,926,187,4,64
253,300,718,137,4,15
60,221,48,254,3,17
93,227,507,25,3,94
311,27,425,305,1,33
21,84,860,325,4,38
33,112,557,85,1,3
296,345,267,221,2,16
167,33,123,389,4,4
67,113,1042,339,1,5
31,303,405,158,2,78
60,221,48,156,3,17
247,164,1058,343,5,28
52,281,202,84,4,47
320,279,815,255,3,49
99,49,612,322,5,53
245,75,884,160,2,45
221,131,795,90,1,92
123,113,1042,394,1,21
261,319,656,125,4,7
115,46,638,412,4,33
221,131,795,412,2,92
211,351,762,32,4,64
125,164,223,25,1,59
172,96,712,342,3,50
37,303,569,22,4,72
183,66,649,371,5,5
309,89,769,377,2,9
130,250,68,236,2,10
299,41,951,368,5,101
81,33,338,6,2,11
198,63,397,175,4,5
188,313,84,243,3,1
317,313,84,370,1,67
303,6,111,246,1,23
175,304,929,53,2,55
208,14,654,104,2,64
103,351,963,235,2,50
233,173,13,44,1,33
299,41,951,193,1,101
18,198,274,33,1,31
104,174,224,238,1,61
67,113,1042,178,1,5
2,300,997,41,3,10
74,61,961,321,2,0
100,278,464,103,1,70
256,281,937,373,4,35
138,39,600,247,1,77
133,190,572,217,3,58
225,63,397,126,1,19
127,279,76,178,2,69
134,228,306,243,5,100
105,349,797,356,1,62
46,18,197,301,2,66
296,345,267,117,4,16
315,84,804,258,3,49
267,311,812,39,5,21
86,123,18,333,5,35
97,265,137,193,1,76
51,289,726,374,4,49
248,166,134,57,4,81
214,334,735,356,3,62
255,159,629,95,3,27
244,299,50,159,4,58
12,287,1040,194,5,72
179,227,507,360,1,23
72,205,1082,52,1,34
230,130,1076,262,2,41
127,279,76,190,5,69
104,174,224,153,3,61
4,364,592,235,1,70
278,174,707,371,1,10
136,104,29,7,5,74
281,356,185,398,3,34
170,42,667,87,5,89
81,33,338,361,3,11
146,218,673,349,3,15
190,265,137,235,4,70
230,130,1076,307,2,41
224,188,0,296,4,51
269,180,406,333,4,38
225,63,397,74,4,19
162,265,551,329,5,36
264,28,809,94,4,77
44,305,1091,213,1,33
296,345,267,143,2,16
124,260,918,141,4,2
124,260,918,276,3,2
0,2,755,323,1,74
3,38,201,348,2,14
222,232,101,198,3,55
162,265,551,191,3,36
278,174,707,138,1,10
258,251,635,65,1,42
159,105,143,155,4,68
277,102,688,403,2,72
173,232,101,13,4,70
10,356,920,191,1,58
133,190,572,156,3,58
221,131,795,296,5,92
76,294,1022,233,5,0
214,334,735,3,3,62
239,136,177,164,3,13
302,20,240,246,3,32
161,286,300,206,3,84
132,53,998,77,5,82
64,20,147,165,3,5
50,124,6,315,1,44
100,278,464,232,2,70
234,9,179,1,1,76
32,259,1045,226,2,58
315,84,804,31,3,49
81,33,338,111,2,11
129,63,351,167,2,5
179,227,507,378,1,23
180,342,685,340,3,66
314,211,971,332,5,85
161,286,300,379,2,84
239,136,177,282,5,13
26,287,67,158,5,72
79,94,849,129,3,17
202,131,788,163,5,85
37,303,569,74,5,72
262,102,230,131,2,32
264,28,809,146,3,77
83,276,7,5,2,43
277,102,688,378,2,72
193,211,971,378,1,23
290,111,653,372,3,82
138,39,600,305,2,77
115,46,638,305,3,33
26,287,67,22,3,72
131,358,113,130,2,34
318,179,510,139,3,93
142,287,1040,120,5,72
146,218,673,41,5,15
260,205,877,32,3,77
24,216,209,26,3,88
7,250,434,164,3,45
295,328,246,107,3,28
243,207,355,329,5,36
279,227,507,191,5,58
51,289,726,163,4,49
56,59,703,172,1,10
151,311,812,340,2,63
142,287,1040,76,4,72
202,131,788,75,4,85
65,270,282,271,4,95
220,75,149,249,2,42
13,115,713,80,5,19
114,346,677,291,1,51
24,216,209,100,4,88
295,328,246,31,4,28
21,84,860,79,2,38
84,14,926,71,3,64
14,246,573,94,5,22
23,323,328,251,2,34
167,33,123,79,5,4
228,217,568,413,1,9
256,281,937,28,1,35
129,63,351,165,3,5
224,188,0,287,4,51
104,174,224,179,5,61
107,169,609,279,3,4
161,286,300,262,2,84
131,358,113,289,4,34
144,183,264,9,5,36
322,64,646,26,1,33
129,63,351,175,3,5
263,197,312,356,1,62
215,215,479,84,5,24
251,342,136,15,1,64
171,96,874,171,2,89
151,311,812,369,4,63
201,238,367,316,3,79
282,67,280,38,2,22
136,104,29,216,5,74
81,33,338,46,2,11
98,208,409,43,3,96
162,265,551,41,4,36
78,51,254,112,1,30
270,169,1008,239,5,23
312,323,328,386,2,71
60,221,48,63,5,17
245,75,884,350,5,45
272,104,921,283,4,46
128,291,298,13,1,53
29,0,940,122,5,5
65,270,282,51,1,95
266,166,745,197,4,42
148,221,48,135,1,11
28,144,1087,92,1,11
162,265,551,179,5,36
78,51,254,336,2,30
199,144,465,197,2,30
278,174,707,390,1,10
9,107,453,325,2,24
319,319,656,62,5,84
97,265,137,1,3,76
323,173,666,305,4,33
73,153,391,148,5,5
288,322,864,332,2,48
261,319,656,373,2,7
179,227,507,403,3,23
235,147,86,314,5,49
224,188,0,22,5,51
137,333,72,224,2,14
26,287,67,125,4,72
227,68,563,218,4,17
251,342,136,194,3,64
303,6,111,186,4,23
76,294,1022,416,3,0
299,41,951,163,4,101
58,300,997,319,3,22
164,9,979,66,2,70
109,304,764,169,1,76
154,22,1001,270,3,83
106,330,173,110,2,59
297,75,149,86,5,77
2,300,997,295,2,10
188,313,84,175,4,1
284,138,922,142,2,38
104,174,224,140,4,61
252,274,955,315,4,16
269,180,406,368,5,38
152,129,873,301,1,74
305,14,684,403,3,53
211,351,762,277,4,64
40,35,279,247,3,74
293,68,676,271,2,17
209,270,447,45,3,19
90,355,1046,320,5,78
156,316,214,364,1,76
171,96,874,317,5,89
169,217,568,411,5,1
148,221,48,46,1,11
233,173,13,85,5,33
230,130,1076,254,4,41
278,174,707,38,1,10
131,358,113,348,4,34
7,250,434,73,1,45
37,303,569,115,5,72
56,59,703,371,2,10
281,356,185,33,4,34
91,230,219,394,2,5
285,143,399,169,3,35
185,176,321,302,2,23
27,330,173,386,4,71
315,84,804,314,2,49
274,66,277,69,5,19
159,105,143,241,2,68
250,154,596,214,4,61
154,22,1001,178,3,83
272,104,921,381,3,46
164,9,979,232,1,70
136,104,29,143,5,74
265,124,6,110,5,73
226,19,897,343,4,43
208,14,654,60,1,64
99,49,612,239,4,53
252,274,955,57,1,16
177,33,123,386,2,46
142,287,1040,188,4,72
146,218,673,132,2,15
94,283,543,371,4,10
22,164,814,338,1,28
25,238,1012,7,5,72
311,27,425,186,4,33
210,90,768,10,4,84
127,279,76,363,3,69
64,20,147,37,1,5
273,225,375,28,4,35
2,300,997,172,2,10
61,287,374,38,1,79
295,328,246,166,2,28
299,41,951,64,3,101
53,245,287,367,1,85
21,84,860,160,3,38
71,163,575,384,2,13
86,123,18,214,1,35
150,172,791,62,5,84
232,8,1067,347,2,25
288,322,864,87,3,48
66,2,451,391,5,60
53,245,287,19,5,85
118,321,378,253,3,72
117,306,1026,317,4,86
143,61,1085,73,5,45
152,129,873,352,1,74
187,154,433,193,1,2
49,226,851,300,1,33
69,232,101,0,5,24
264,28,809,64,3,77
26,287,67,76,1,72
306,337,118,351,5,97
259,154,433,293,4,45
103,351,963,301,2,50
239,136,177,195,1,13
6,217,678,81,5,85
201,238,367,38,5,79
189,184,847,242,4,23
265,124,6,410,5,73
266,166,745,161,5,42
161,286,300,10,1,84
314,211,971,304,4,85
262,102,230,25,2,32
30,286,300,289,3,34
183,66,649,275,3,5
256,281,937,19,1,35
17,234,763,317,1,32
144,183,264,41,2,36
192,40,750,20,1,21
28,144,1087,271,3,11
65,270,282,15,5,95
196,80,347,318,5,80
119,119,455,181,1,73
196,80,347,275,5,80
53,245,287,209,1,85
101,336,598,112,1,90
296,345,267,396,5,16
99,49,612,246,1,53
215,215,479,259,2,24
172,96,712,248,4,50
154,22,1001,32,5,83
144,183,264,411,1,36
302,20,240,37,5,32
174,7,885,317,4,90
94,283,543,318,3,10
143,61,1085,164,5,45
31,303,405,288,1,78
239,136,177,185,2,13
181,13,981,209,3,85
295,328,246,261,1,28
163,26,607,185,1,13
165,276,250,158,1,53
59,246,573,38,2,10
243,207,355,411,1,36
265,124,6,263,1,73
29,0,940,137,5,5
221,131,795,222,3,92
52,281,202,278,2,47
307,56,637,254,5,29
49,226,851,220,1,33
133,190,572,107,2,58
129,63,351,37,4,5
241,146,496,300,2,32
25,238,1012,51,3,72
215,215,479,275,4,24
8,236,413,326,5,101
102,260,353,251,5,32
13,115,713,253,2,19
42,107,467,94,1,70
241,146,496,238,1,32
19,278,464,274,2,76
71,163,575,185,4,13
218,306,978,402,2,76
143,61,1085,350,2,45
315,84,804,338,5,49
65,270,282,159,2,95
220,75,149,243,2,42
239,136,177,198,3,13
203,220,245,34,2,2
172,96,712,165,3,50
314,211,971,89,3,85
168,295,807,300,3,15
151,311,812,366,1,63
71,163,575,245,5,13
211,351,762,159,2,64
157,330,1062,31,3,100
72,205,1082,151,2,34
42,107,467,271,3,70
18,198,274,34,5,31
271,61,142,345,4,60
243,207,355,282,3,36
214,334,735,28,5,62
281,356,185,289,2,34
255,159,629,115,1,27
127,279,76,147,2,69
270,169,1008,151,2,23
118,321,378,417,3,72
116,229,674,21,2,51
44,305,1091,5,1,33
109,304,764,134,3,76
264,28,809,263,4,77
211,351,762,301,1,64
4,364,592,103,1,70
135,362,461,167,1,18
51,289,726,123,4,49
105,349,797,35,1,62
219,210,383,125,1,72
215,215,479,325,3,24
34,144,465,414,1,23
108,318,861,227,4,18
66,2,451,2,2,60
323,173,666,414,2,33
226,19,897,339,5,43
53,245,287,297,5,85
113,338,139,45,5,19
166,358,1070,119,5,16
174,7,885,226,2,90
291,207,355,208,1,36
243,207,355,179,2,36
67,113,1042,237,5,5
2,300,997,349,5,10
152,129,873,158,3,74
53,245,287,162,1,85
27,330,173,298,1,71
215,215,479,0,5,24
7,250,434,363,3,45
274,66,277,387,5,19
135,362,461,352,4,18
309,89,769,331,3,9
235,147,86,258,3,49
228,217,568,309,2,9
64,20,147,339,3,5
123,113,1042,55,1,21
272,104,921,181,3,46
239,136,177,330,3,13
149,225,375,367,2,88
267,311,812,20,5,21
33,112,557,369,1,3
48,77,611,268,4,37
49,226,851,282,2,33
27,330,173,216,2,71
103,351,963,172,5,50
54,152,218,154,1,13
214,334,735,5,1,62
47,163,575,258,5,1
314,211,971,114,4,85
20,94,849,206,5,84
14,246,573,18,4,22
18,198,274,352,5,31
314,211,971,162,5,85
251,342,136,0,2,64
290,111,653,261,1,82
144,183,264,222,1,36
59,246,573,272,1,10
203,220,245,11,4,2
289,264,597,415,3,25
223,26,607,393,4,8
190,265,137,45,4,70
292,71,601,354,4,2
302,20,240,220,2,32
194,54,970,159,4,58
153,303,405,326,5,49
45,35,85,409,5,46
306,337,118,150,1,97
46,18,197,329,2,66
92,77,611,154,4,10
23,323,328,130,4,34
285,143,399,245,3,35
305,14,684,276,1,53
234,9,179,199,1,76
283,181,138,206,1,84
43,61,961,132,1,52
159,105,143,332,3,68
264,28,809,189,5,77
174,7,885,402,3,90
258,251,635,249,2,42
35,187,435,124,2,61
299,41,951,293,1,101
234,9,179,131,4,76
318,179,510,162,4,93
103,351,963,154,4,50
301,179,356,414,5,23
48,77,611,87,4,37
289,264,597,88,2,25
235,147,86,123,5,49
48,77,611,334,4,37
263,197,312,103,5,62
119,119,455,354,4,73
165,276,250,2,2,53
250,154,596,155,2,61
81,33,338,92,5,11
232,8,1067,323,5,25
305,14,684,158,3,53
123,113,1042,23,1,21
89,117,216,81,2,69
291,207,355,343,2,36
153,303,405,364,5,49
212,11,546,332,1,4
283,181,138,169,3,84
20,94,849,169,1,84
210,90,768,232,3,84
124,260,918,136,3,2
102,260,353,317,2,32
52,281,202,391,5,47
118,321,378,397,2,72
104,174,224,181,4,61
6,217,678,75,2,85
97,265,137,288,4,76
21,84,860,191,4,38
161,286,300,206,3,84
259,154,433,273,5,45
14,246,573,319,5,22
27,330,173,165,1,71
123,113,1042,209,3,21
202,131,788,406,1,85
295,328,246,356,4,28
205,128,806,391,2,72
255,159,629,220,4,27
198,63,397,167,1,5
291,207,355,286,3,36
74,61,961,133,2,0
134,228,306,243,3,100
240,326,110,130,2,34
128,291,298,213,4,53
109,304,764,129,3,76
274,66,277,253,4,19
105,349,797,5,4,62
66,2,451,305,2,60
11,230,820,91,2,26
260,205,877,381,3,77
212,11,546,339,4,4
208,14,654,371,4,64
156,316,214,288,1,76
68,16,253,137,3,5
177,33,123,109,4,46
114,346,677,98,5,51
51,289,726,255,5,49
3,38,201,21,1,14
95,65,403,64,2,101
322,64,646,0,4,33
42,107,467,327,5,70
23,323,328,126,2,34
118,321,378,326,3,72
24,216,209,129,5,88
30,286,300,33,4,34
242,18,1035,171,1,87
78,51,254,197,3,30
58,300,997,38,3,22
71,163,575,61,1,13
149,225,375,181,2,88
163,26,607,198,1,13
75,293,449,360,5,16
219,210,383,74,4,72
265,124,6,148,3,73
32,259,1045,147,3,58
55,135,964,136,5,14
33,112,557,125,4,3
259,154,433,330,5,45
193,211,971,414,1,23
159,105,143,335,5,68
275,14,363,63,2,65
100,278,464,25,3,70
80,91,396,121,5,60
109,304,764,193,5,76
123,113,1042,235,5,21
210,90,768,76,1,84
229,9,179,20,2,80
122,204,590,350,2,45
105,349,797,294,3,62
95,65,403,193,2,101
43,61,961,236,3,52
128,291,298,0,3,53
82,86,42,119,3,32
283,181,138,411,1,84
118,321,378,57,5,72
182,240,733,273,4,44
56,59,703,384,4,10
262,102,230,246,2,32
146,218,673,92,4,15
239,136,177,239,3,13
24,216,209,326,1,88
101,336,598,52,4,90
239,136,177,104,3,13
75,293,449,320,5,16
262,102,230,119,4,32
21,84,860,402,3,38
136,104,29,301,4,74
189,184,847,355,2,23
107,169,609,387,1,4
139,89,766,191,2,58
251,342,136,32,2,64
37,303,569,72,4,72
181,13,981,263,3,85
100,278,464,20,3,70
136,104,29,217,3,74
30,286,300,83,5,34
94,283,543,236,5,10
324,245,466,20,4,90
165,276,250,154,1,53
92,77,611,63,4,10
268,50,738,400,3,55
161,286,300,232,5,84
269,180,406,200,5,38
208,14,654,32,1,64
151,311,812,345,5,63
209,270,447,253,1,19
262,102,230,251,5,32
151,311,812,290,5,63
234,9,179,149,1,76
213,135,757,227,4,35
203,220,245,142,4,2
136,104,29,176,3,74
22,164,814,254,2,28
224,188,0,50,5,51
113,338,139,69,5,19
93,227,507,226,2,94
7,250,434,405,4,45
217,11,602,201,4,101
200,43,930,308,1,86
170,42,667,167,1,89
89,117,216,261,3,69
238,176,321,4,1,67
58,300,997,94,5,22
284,138,922,402,5,38
94,283,543,178,5,10
112,91,886,37,4,58
42,107,467,92,2,70
155,326,454,379,3,84
2,300,997,272,1,10
322,64,646,415,5,33
305,14,684,2,4,53
162,265,551,282,2,36
6,217,678,162,4,85
143,61,1085,225,5,45
125,164,223,231,1,59
281,356,185,251,4,34
316,24,556,185,5,93
116,229,674,296,2,51
153,303,405,123,4,49
148,221,48,92,5,11
168,295,807,345,3,15
109,304,764,274,5,76
6,217,678,263,2,85
94,283,543,127,1,10
167,33,123,387,1,4
293,68,676,40,4,17
320,279,815,364,2,49
212,11,546,394,4,4
207,332,916,163,5,101
43,61,961,395,4,52
199,144,465,369,1,30
87,150,470,412,2,68
151,311,812,88,3,63
225,63,397,387,3,19
265,124,6,92,4,73
116,229,674,287,5,51
316,24,556,189,5,93
293,68,676,63,4,17
272,104,921,159,2,46
243,207,355,9,3,36
251,342,136,60,3,64
15,348,869,271,1,70
12,287,1040,378,5,72
50,124,6,51,5,44
196,80,347,269,4,80
135,362,461,260,2,18
179,227,507,355,5,23
174,7,885,52,2,90
84,14,926,215,3,64
277,102,688,391,2,72
80,91,396,85,3,60
48,77,611,401,5,37
71,163,575,330,2,13
114,346,677,61,1,51
237,355,927,256,2,38
257,270,282,352,4,96
105,349,797,103,1,62
259,154,433,350,4,45
189,184,847,196,5,23
259,154,433,348,3,45
247,164,1058,205,3,28
145,189,910,362,3,57
286,43,930,345,3,70
171,96,874,68,5,89
249,88,480,113,3,54
58,300,997,110,1,22
235,147,86,163,2,49
130,250,68,41,1,10
17,234,763,131,2,32
22,164,814,166,5,28
235,147,86,319,3,49
112,91,886,191,2,58
210,90,768,206,4,84
274,66,277,229,5,19
100,278,464,18,2,70
203,220,245,324,4,2
164,9,979,327,4,70
209,270,447,388,3,19
196,80,347,156,4,80
154,22,1001,101,3,83
45,35,85,159,1,46
280,243,534,348,4,45
2,300,997,265,3,10
98,208,409,370,3,96
257,270,282,372,1,96
202,131,788,196,4,85
189,184,847,378,3,23
212,11,546,27,2,4
271,61,142,353,1,60
289,264,597,377,3,25
74,61,961,74,4,0
272,104,921,288,4,46
16,20,827,327,5,26
189,184,847,414,4,23
126,73,8,385,3,16
315,84,804,123,5,49
201,238,367,155,5,79
75,293,449,391,3,16
40,35,279,226,1,74
218,306,978,169,4,76
123,113,1042,77,4,21
7,250,434,128,4,45
99,49,612,67,1,53
39,232,51,232,4,70
44,305,1091,415,2,33
73,153,391,357,5,5
73,153,391,275,4,5
307,56,637,41,5,29
43,61,961,93,5,52
23,323,328,14,3,34
198,63,397,122,2,5
13,115,713,284,3,19
225,63,397,172,3,19
106,330,173,126,4,59
152,129,873,216,4,74
114,346,677,0,4,51
205,128,806,194,4,72
206,302,683,102,1,29
21,84,860,18,4,38
33,112,557,61,5,3
253,300,718,300,4,15
111,355,152,19,4,35
204,177,22,389,1,4
199,144,465,76,1,30
228,217,568,259,4,9
163,26,607,195,4,13
277,102,688,289,2,72
92,77,611,384,5,10
171,96,874,359,3,89
290,111,653,248,5,82
27,330,173,413,2,71
38,232,51,94,1,70
135,362,461,313,3,18
139,89,766,159,3,58
139,89,766,156,1,58
20,94,849,369,5,84
299,41,951,116,1,101
105,349,797,253,2,62
280,243,534,353,2,45
105,349,797,277,4,62
6,217,678,3,5,85
228,217,568,345,5,9
190,265,137,25,4,70
16,20,827,387,2,26
275,14,363,334,5,65
212,11,546,279,3,4
114,346,677,296,2,51
324,245,466,410,5,90
65,270,282,345,1,95
220,75,149,1,5,42
207,332,916,116,4,101
154,22,1001,99,3,83
273,225,375,232,5,35
269,180,406,142,1,38
69,232,101,63,3,24
273,225,375,262,1,35
255,159,629,358,1,27
233,173,13,245,1,33
148,221,48,111,2,11
292,71,601,170,1,2
62,138,474,125,3,15
266,166,745,398,2,42
198,63,397,339,4,5
121,357,499,104,3,13
280,243,534,350,1,45
260,205,877,94,4,77
117,306,1026,356,3,86
73,153,391,178,1,5
78,51,254,8,5,30
67,113,1042,357,1,5
60,221,48,129,4,17
269,180,406,90,5,38
165,276,250,160,1,53
143,61,1085,348,4,45
133,190,572,90,2,58
40,35,279,62,3,74
283,181,138,155,3,84
178,294,1022,205,3,0
18,198,274,19,5,31
16,20,827,150,2,26
5,144,1087,318,2,10
149,225,375,159,4,88
155,326,454,155,5,84
236,90,368,167,2,77
273,225,375,110,5,35
224,188,0,16,4,51
66,2,451,28,4,60
211,351,762,104,1,64
255,159,629,69,3,27
201,238,367,121,2,79
288,322,864,358,1,48
316,24,556,246,4,93
198,63,397,63,2,5
31,303,405,34,2,78
89,117,216,16,4,69
272,104,921,186,4,46
288,322,864,318,2,48
188,313,84,278,3,1
256,281,937,347,1,35
141,22,1001,12,2,88
141,22,1001,367,1,88
296,345,267,360,1,16
193,211,971,6,4,23
38,232,51,190,3,70
251,342,136,277,2,64
226,19,897,142,3,43
209,270,447,368,1,19
221,131,795,297,1,92
93,227,507,148,3,94
286,43,930,234,2,70
240,326,110,83,1,34
197,179,510,236,4,82
181,13,981,162,1,85
20,94,849,76,4,84
271,61,142,305,5,60
46,18,197,328,5,66
25,238,1012,194,3,72
199,144,465,295,3,30
178,294,1022,124,2,0
123,113,1042,44,1,21
193,211,971,403,3,23
288,322,864,231,3,48
80,91,396,345,1,60
260,205,877,157,2,77
196,80,347,383,4,80
307,56,637,102,1,29
19,278,464,36,5,76
65,270,282,177,5,95
132,53,998,261,4,82
249,88,480,286,3,54
290,111,653,211,4,82
254,157,1077,386,2,4
265,124,6,354,1,73
19,278,464,161,3,76
153,303,405,258,1,49
263,197,312,277,2,62
183,66,649,71,5,5
280,243,534,330,3,45
127,279,76,367,1,69
64,20,147,275,4,5
315,84,804,255,1,49
229,9,179,156,1,80
174,7,885,131,4,90
209,270,447,387,1,19
13,115,713,172,3,19
68,16,253,165,1,5
21,84,860,406,2,38
316,24,556,305,5,93
29,0,940,63,5,5
63,156,878,216,3,74
59,246,573,63,1,10
270,169,1008,24,3,23
233,173,13,375,2,33
54,152,218,198,3,13
62,138,474,316,2,15
255,159,629,145,5,27
90,355,1046,257,2,78
227,68,563,166,5,17
186,38,201,357,3,91
193,211,971,302,4,23
35,187,435,2,2,61
78,51,254,165,4,30
302,20,240,238,1,32
51,289,726,314,4,49
14,246,573,363,3,22
43,61,961,383,1,52
284,138,922,391,5,38
87,150,470,241,5,68
203,220,245,399,3,2
111,355,152,333,5,35
60,221,48,36,2,17
216,296,43,256,5,38
32,259,1045,27,2,58
171,96,874,302,1,89
215,215,479,314,5,24
309,89,769,355,4,9
190,265,137,18,2,70
233,173,13,167,5,33
4,364,592,92,5,70
211,351,762,71,2,64
117,306,1026,158,4,86
67,113,1042,77,4,5
226,19,897,83,1,43
131,358,113,398,1,34
220,75,149,205,4,42
319,319,656,21,4,84
32,259,1045,95,4,58
187,154,433,170,3,2
269,180,406,160,3,38
111,355,152,169,2,35
290,111,653,399,4,82
324,245,466,315,4,90
109,304,764,161,3,76
289,264,597,323,1,25
169,217,568,118,5,1
201,238,367,131,5,79
137,333,72,236,4,14
257,270,282,99,2,96
41,184,83,28,1,35
213,135,757,43,3,35
45,35,85,340,4,46
257,270,282,163,2,96
97,265,137,84,3,76
215,215,479,246,5,24
165,276,250,13,5,53
4,364,592,45,2,70
162,265,551,123,4,36
34,144,465,151,2,23
154,22,1001,92,3,83
43,61,961,88,5,52
71,163,575,254,5,13
129,63,351,20,2,5
271,61,142,85,5,60
117,306,1026,108,3,86
259,154,433,73,3,45
93,227,507,100,3,94
191,318,550,371,5,64
149,225,375,100,3,88
14,246,573,83,2,22
11,230,820,353,3,26
293,68,676,393,3,17
265,124,6,199,3,73
4,364,592,234,2,70
213,135,757,234,1,35
205,128,806,125,5,72
50,124,6,95,1,44
241,146,496,37,3,32
120,231,1086,267,1,77
110,121,427,252,1,101
260,205,877,146,2,77
286,43,930,190,2,70
283,181,138,379,3,84
129,63,351,148,4,5
320,279,815,163,1,49
101,336,598,410,3,90
20,94,849,62,1,84
211,351,762,194,3,64
110,121,427,368,1,101
213,135,757,333,3,35
101,336,598,39,3,90
162,265,551,286,2,36
291,207,355,9,4,36
94,283,543,38,4,10
22,164,814,146,1,28
318,179,510,189,1,93
278,174,707,384,2,10
299,41,951,343,4,101
271,61,142,371,3,60
290,111,653,194,3,82
312,323,328,56,4,71
77,257,446,253,3,32
289,264,597,230,4,25
140,326,454,369,2,30
285,143,399,19,1,35
229,9,179,318,2,80
238,176,321,55,3,67
19,278,464,364,5,76
19,278,464,199,3,76
293,68,676,35,1,17
255,159,629,266,1,27
112,91,886,226,1,58
179,227,507,186,5,23
225,63,397,69,1,19
24,216,209,265,3,88
118,321,378,125,2,72
40,35,279,323,3,74
